Albin_Reinger,0JzuN2M56cPij77,Lauryn22@gmail.com,Emilia,Rolón,5374-8390-2875-2162,403,Vanuatu,830-218-8962
Alexandro_Auer,227J5gQFx5wSnv7,Josephine_Bruen@gmail.com,Vicente,Segura,6771384360698559,585,Georgia,369-663-9918
Alice33,mCaVZRr521ARERt,Ana89@yahoo.com,Hernán,Blanco,5412-1403-0177-4858,790,Falkland Islands (Malvinas),980-714-4926
Alisa.Streich48,Md7OjK6kumpBm4g,Jalen.Romaguera@hotmail.com,Adriana,Montes,6390-7148-0060-5847,429,Solomon Islands,205-362-6122
Alvera_Kris81,6nDhPvuDZcu8Nio,Dangelo.Pagac90@hotmail.com,María Teresa,Lara,5486-1266-7944-5440,422,Papua New Guinea,602-001-3943
Alysha10,rv_CRXqyrDIuGuX,Leatha82@hotmail.com,Gerardo,Amaya,6759-6228-2902-7250,827,Guam,103-190-8978
Amira_Simonis,kjdrl3u8l70Q2lW,Emmy_Collins@hotmail.com,Mayte,Martínez,5018-1003-3945-0295,559,Austria,999-503-3002
Angelica84,bGWJKhzsEzhkxQq,Immanuel_Hoppe71@hotmail.com,Sofía,Guevara,6759-7915-8288-3076,208,Tonga,582-564-0237
Annabel56,j2HLrfXsZeSYLKM,Devyn.Schulist@gmail.com,Samuel,Zarate,6767-4537-7376-8479-32,525,Bahamas,720-996-9139
Arnaldo.Abbott5,6a0kOlRvZLEDXHm,Estefania.Parker61@gmail.com,Mayte,Valle,6472-6223-0648-1906-88,565,Lebanon,394-265-9223
Arne39,at7myD0rY5zafUH,Retta.Gibson93@gmail.com,Mariano,Alanis,3054-406676-7927,495,Kazakhstan,703-945-2043
Ayla.Gerlach13,QGCCWs8YD4Zz2Vw,Kris67@hotmail.com,Adriana,Alejandro,6767-2245-5556-6157,792,United States Minor Outlying Islands,336-727-0987
Aylin.Tillman,JlMFz3jGZ_p684h,Bill.Jaskolski45@gmail.com,Micaela,Caldera,6552-6269-7878-8593-02,953,Egypt,447-111-5014
Caesar_Carter67,2W13oU3XsQKvDdD,Thora68@yahoo.com,Leticia,Varela,3735-688747-28246,615,Suriname,479-901-7266
Catharine.White,QxDeghgM0Ibkrjk,Era.Doyle89@yahoo.com,Mercedes,Castro,4764-5816-8232-7684,115,Slovakia (Slovak Republic),350-702-9796
Charlie48,1OAkfNeTor_8neJ,Hipolito13@hotmail.com,Guillermina,Abrego,3528-9922-0695-4993,116,Saint Barthelemy,211-748-7725
Chasity20,kIAn16aHRkaP7CI,Rowena.Strosin@hotmail.com,Virginia,Ponce,3797-247032-59238,649,Bahamas,136-466-7536
Citlalli66,QUEB5UgPOHVyWRd,Jordan.Stokes93@yahoo.com,Norma,Reyes,6011-9055-4408-8376,418,Kuwait,464-697-5211
Colby_Dickinson,Ea6LEAsQCNhzYBN,Amaya.Legros32@yahoo.com,Hernán,Montalvo,6709058743101923357,568,Liechtenstein,515-105-0785
Darwin_OHara,RfZznUe4ahw5Mre,Reilly_Schroeder@gmail.com,Marcela,Robles,6759-9459-5954-1317-53,120,American Samoa,250-343-6862
Darwin76,WUNNZVomsoN6XZb,Louisa29@yahoo.com,Luz,González,3528-0766-0209-4984,404,Nigeria,405-830-6986
Dedrick_Doyle,SjcfaXgB1Mmi3jR,Rachael.Franecki3@hotmail.com,María Eugenia,Espinoza,3528-7474-4895-7549,510,Georgia,916-743-1707
Dennis_Lakin79,VWoPXdQKLsrBIZq,Dan3@yahoo.com,Mariano,Patiño,6767-0533-0947-8102-38,508,Mexico,395-523-9520
Deon19,4whk4FXXuRG_AVH,Tatyana10@hotmail.com,Natalia,Suárez,6759-3491-8854-5991-12,778,Nauru,767-275-9928
Diamond.Becker6,lEHoAZCJWNwTlFR,Jillian_Kovacek@gmail.com,Maricarmen,Aranda,6585-6267-4084-3810-66,442,Switzerland,806-060-4876
Diego.Casper84,pzZmXMRLOLRfqfT,Humberto_Adams@gmail.com,Ernesto,Orosco,4861-7186-9649-4009,888,Afghanistan,269-578-2391
Earnestine.DAmo,yed2yz9phCHqhOV,Jillian.Bartell@hotmail.com,Natalia,Ulibarri,6706886373111493,693,Guam,151-856-5199
Eleonore14,35HGG7ShMrYq3P7,Casper_Herman@gmail.com,Esperanza,Cabrera,6759-9549-4926-0487-53,960,Latvia,006-201-3152
Ellie_Luettgen,AAsDW3ImKToRxlQ,Kory_Hickle@yahoo.com,Emilio,Valentín,6706672475565875,532,Guinea,577-699-2760
Emmie_Yost57,lgE2Uph7LCIk9Qj,Mohammed69@hotmail.com,Cecilia,Delarosa,6767-2119-2355-2417-68,139,Denmark,768-618-1605
Fabian53,XMaiNw5c6oNuSzZ,Fritz.Raynor@gmail.com,Lucía,Castellanos,501840069997158775,923,Saint Kitts and Nevis,464-491-4186
Geovany.Heller,ugrfrkjzyJIdGIL,Destany_Grady@hotmail.com,Mariano,Ávila,5893-6589-1518-9506,516,Mauritius,560-691-9144
Giovanna.Maggio,d_jvq_kjTgJuNEk,Abigail_Schinner@yahoo.com,Alfonso,Carrera,4572618840890,465,Myanmar,504-296-7127
Hayley.Ryan,wvoFATKhKSPBYPC,Leonard5@hotmail.com,Carmen,Castillo,3528-6512-6253-4824,345,Algeria,419-738-2138
Heather.Smitham,Zepf5KiLrgpnUoI,Herminia_Moore54@yahoo.com,Mariana,Malave,6767-8546-9498-0315-95,882,Germany,884-242-2232
Hermann_Cassin2,iHnfMLZVaRLJmmD,Jalon59@gmail.com,Mónica,Canales,3541-0071-5053-6434,82,Martinique,013-347-1250
Hermina_Baumbac,IyfEfbygkYtfpP0,Kaylee75@yahoo.com,Norma,Valladares,4708995251632,380,Reunion,352-013-2251
Hershel47,CNyxZnKxEW4rMWU,Rebeca_Hartmann@hotmail.com,Andrea,Salazar,6767-3642-4761-6953-04,174,Bermuda,597-279-2275
Houston39,Pk1skqyQoOrqJ7P,Ilene_Flatley@hotmail.com,Jerónimo,Segovia,6706111411914273,492,Botswana,181-984-7436
Ilene_Koss49,hNMRJi1rz2I89L_,Sylvester.Quigley@gmail.com,Manuel,Lemus,3014-163654-1744,517,Saudi Arabia,647-659-3845
Isobel_Kshlerin,mJvIbRI1LgTysNz,Herminio36@gmail.com,Javier,Mendoza,6767-3375-4734-8177,311,Holy See (Vatican City State),927-520-1530
Jacey24,_cG9NNGqHmzKcem,Sigmund_Hand@hotmail.com,Tomás,Cadena,6771-8945-5360-0014,712,Liberia,683-760-5554
Jamey42,VVoNUmLv_IqnSOU,Kristy_Dibbert11@gmail.com,Inés,Zaragoza,6464-3484-7190-7221,495,Poland,861-296-8798
Jayda_Huel,6_UBzbbk8sjKt8G,Presley.Borer88@yahoo.com,Claudio,Gil,6759-7560-6187-0215,676,Sierra Leone,210-799-2671
Jaydon28,oeVAGlLY9rC2XQR,Erika.Schuppe@yahoo.com,Lorena,Rendón,6759-9299-4507-0116-42,456,Gabon,338-045-5521
Jett_Murphy3,EBv01p6wIY1f1_S,Julia.Lubowitz@yahoo.com,Pilar,Jasso,6759-3656-2701-6709-75,459,New Zealand,013-068-7159
Jordane.Rath13,EtNKnW__f93pFQu,Tracey.Jones51@hotmail.com,Benjamín,Serna,5038-6000-6749-0981,511,Martinique,889-145-8039
Judge75,ss1BFT45LdunNJr,Unique_Bartell65@yahoo.com,Antonio,Peña,6771-8903-5904-5051,433,Sweden,746-495-1526
Kareem_Schaden9,p2PYG2X0maoufvv,Bell94@gmail.com,Irene,Ledesma,3671-531303-4996,284,Belgium,828-197-2821
Katarina17,fiTUA_X9CUFLHnM,Virginie44@yahoo.com,María José,Baca,6771-8906-0734-7479,790,Northern Mariana Islands,886-480-9348
Kenton.Kuphal,gMtQXeVlze0IAyI,Brisa.Simonis31@yahoo.com,Bernardo,Amaya,6767-9553-3867-3231-72,471,Monaco,760-658-5171
Lafayette.Koch4,BIboRFxUPe095p1,Elenora.Rutherford88@hotmail.com,Pilar,Armijo,3484-903874-96015,265,Cocos (Keeling) Islands,405-518-9367
Lee.Metz,Czm5Q2by7lTe2Bu,Edythe.Conroy11@gmail.com,José,Iglesias,3529-8616-0629-6375,876,Marshall Islands,373-817-0167
Lewis76,zZPQ3sX7pKtcdGH,Kirk.Osinski29@gmail.com,Adela,Anguiano,3460-160805-81314,628,Vanuatu,017-747-1490
Liliane62,RmU2GJikaRoRTnN,Cassidy81@hotmail.com,Natalia,Madrid,3496-083607-31905,568,Togo,484-153-9679
Linda.Beatty76,rTQWE1UTy1oaodY,Daphnee.Klein16@hotmail.com,Rosa,Orosco,3008-663607-2133,959,Slovenia,341-455-5689
Loy38,IONEVGEYC88Heed,Terrance3@gmail.com,Natalia,Báez,3529-8062-7247-4665,417,Colombia,416-484-7736
Lucie.Dach,t8lFr7jfrRtD34R,Serenity14@gmail.com,Mario,Tello,3614-645208-7951,110,Angola,223-211-5827
Lyric82,GNm5N6EYhzEhr_j,Lawrence83@yahoo.com,Antonio,Ledesma,3528-2985-7305-4264,571,Tunisia,992-178-4597
Madaline.Jones2,v2UnHEBpNNzv0t0,Orlo93@gmail.com,Adriana,Balderas,3790-495712-16643,300,French Southern Territories,951-828-9002
Maiya7,VdPc9WHxubCuGZd,Anya8@hotmail.com,Andrés,Velásquez,3528-6055-2517-3943,487,Italy,419-102-4184
Margarett_Morar,BbfRmTHcVpLwGfT,Drew86@hotmail.com,Silvia,Arevalo,3529-2670-7525-7395,507,Gabon,092-453-4484
Mariane60,nFMfXOV6qDmqAG3,Kaylin.Steuber71@hotmail.com,Josefina,Mota,6011-6255-9861-3717-47,674,Israel,644-842-3901
Marilyne.Gulgow,PfDQYTTRcgFl4yu,Eleonore_Mosciski23@yahoo.com,Barbara,Anaya,6709699384407603,203,Mauritania,267-631-4934
Marisa.Smith,WFS8tDpXrpDAiNX,Ethyl86@gmail.com,José María,Cardona,3541-9146-1464-7483,203,Nauru,274-533-0365
Mathilde13,0nV1zvKSIugMh6F,Annetta_Heathcote@hotmail.com,Fernando,Solorzano,6709089763571903807,537,Guatemala,990-087-6047
Miguel.Tillman3,mwFRg9JjLSo12ek,Marlin.McDermott@yahoo.com,Marco Antonio,Aguayo,6709965816912435,322,Madagascar,903-017-5713
Missouri.Kertzm,uKH8LtBTnBYS_NV,Max_Carroll@hotmail.com,Nicolás,Soliz,4223-7688-9900-9772,93,"Virgin Islands, U.S.",804-693-9237
Misty22,e5ZwklcqiZrfw2e,Else.Volkman@gmail.com,Ramiro,Alba,3529-0745-1073-3341,862,Cote d'Ivoire,481-940-8517
Monty_Paucek92,o15IePs1K2dKDG_,Alfonzo_Wisoky@gmail.com,Florencia,Berríos,6759-2673-2672-0123-41,567,Kazakhstan,136-325-6585
Monty.Satterfie,5Qb_Xao8buAdnGs,Mateo_Marks@hotmail.com,Carmen,Granado,3726-358256-46067,176,Uganda,755-904-3753
Mossie.Wehner91,rcYWXjIXiKF_eXr,Ronaldo_Osinski@hotmail.com,Ángela,Herrera,6374-5218-2104-0868,420,Oman,741-410-0685
Mustafa_Walker,TsEMSqLYdmLUnm0,Roxane_Jones@yahoo.com,Ester,Cazares,3653-274340-5464,333,French Guiana,287-554-8376
Narciso59,meJLodE6emG3Uzj,Stephania.Howe@hotmail.com,Olivia,Olivera,6709189552052409,200,Benin,264-044-0727
Noah_Kuhn,zxP6rkc1IOf_DyA,Gwendolyn5@hotmail.com,Pedro,Téllez,4208-0917-6670-6849,363,Palau,639-421-5759
Pattie.Stehr24,HiyF63crOnJHtZb,Vanessa.McGlynn3@hotmail.com,Daniel,Olivares,3415-873175-06952,349,Tunisia,968-133-6734
Peyton_VonRuede,eDlVRr7x10N0C2I,Ressie_Becker32@yahoo.com,Bernardo,Gallegos,6445-6241-0059-4238-78,798,French Guiana,173-998-4124
Prudence_Batz17,nm90RRooCJ2COq8,Pascale87@yahoo.com,Marilú,Páez,6304-1148-7984-3188,675,Norway,597-767-6678
Quinn_Mayert60,t1B9Pb2m2SaQpQQ,Mya.Mayert53@hotmail.com,Isabela,Pulido,3575-4172-9290-3116,473,Kyrgyz Republic,103-076-1875
Quinn87,jSA53R4PfnWAiFP,Francisca_Cronin93@gmail.com,Verónica,Tovar,4974434627545,369,Namibia,850-539-0826
Rafael27,9sfj_DOhHgE5qPw,Name_Heller23@hotmail.com,Tomás,Navarro,6767-9535-5642-3786-10,939,Timor-Leste,144-853-5017
Ramona8,Us0mkj4d4XBhAO8,Alyson_Nienow81@yahoo.com,Ramiro,Aguilar,5582-8114-6588-0166,977,Turkey,100-971-9406
Rashad_Halvorso,SS1HPvkUMcq08V7,Della_Adams@gmail.com,Jacobo,Malave,6592-6872-3118-9080,784,Moldova,136-097-0800
Rita_Schiller,qRUIPQvjaYJlyXQ,Rowan_Simonis@yahoo.com,Carolina,Montenegro,5440-6858-9000-5369,455,San Marino,025-904-8225
Roman.Ernser,UU9H6nlQkWgb9Wd,Jed_Bashirian14@gmail.com,Jesús,Salgado,5020061640315082012,151,Kenya,206-598-4148
Rosalinda30,Nauvp8teY9k46ad,Arnold49@gmail.com,Ramón,Urías,5451-1748-9104-3204,754,Bhutan,240-046-6989
Rosamond20,cNP1F_KDlnVHVaq,Yoshiko15@hotmail.com,Eloisa,Salas,3422-458584-90741,55,Lao People's Democratic Republic,697-451-3395
Rubie.Abshire63,YjXrDSN_OZWj2w8,Kenton_Hermiston@yahoo.com,Estela,Paz,3614-494909-6980,507,Mali,712-067-1827
Scarlett.Bednar,Fvd2Ds64Vx2Gym_,Nash_Carter40@hotmail.com,María Eugenia,Razo,6771472430968096,150,Tunisia,367-330-3936
Skylar.Watsica,2i2c24ba7llepTK,Gino.Lakin90@yahoo.com,Manuel,Prieto,4565246557264,104,Singapore,604-700-5220
Stefan50,1WXQByFbyIL1ORl,Libby_Goyette92@gmail.com,Catalina,Partida,6771407506184200,153,Tanzania,637-151-2459
Susanna_Botsfor,bbK5JjU9OTNVgBt,Judge70@yahoo.com,Raquel,Mesa,3783-033520-35364,962,Cayman Islands,053-055-2743
Tabitha_Pouros7,3rMSbWRYZQ4_7tw,Dangelo_Witting@hotmail.com,Ángela,García,4764806635194,747,Grenada,742-073-6909
Tanya_Brakus66,jgPTyvyxa2YzXoH,Marlene71@hotmail.com,Andrés,Valentín,6771-8911-1338-9054,678,Vanuatu,368-697-5642
Tianna70,j4kqcbayimyMEyt,Turner.Emmerich51@hotmail.com,María Cristina,Pérez,6767-3283-9252-1216-61,775,Italy,727-506-9097
Uriah_Bailey,AAUm8vYkJGbN_qk,Marisa_Kiehn@gmail.com,Maricarmen,Mojica,6767-5805-2747-3689,419,Philippines,311-051-0493
Uriah_McCulloug,wHycQbRq60zGxwz,Joshuah_Muller@gmail.com,Carolina,Quiñones,4376394470569,300,South Africa,197-891-4597
Verlie.Weber63,02ADwnyZ3O0rmCL,Tierra.Gorczany@yahoo.com,Sancho,Pagan,502008702903412464,766,Costa Rica,200-296-0591
Vincent_Block33,zUATB4RtTj2QlLT,Amely_Wintheiser@gmail.com,Maricarmen,Zarate,6011-5652-7848-0753,402,Canada,821-971-2379
Yasmine.Sawayn3,i8Mbg6uOdKunQpZ,Eliza42@hotmail.com,Isabel,Deleón,5143-4323-6556-6427,610,Solomon Islands,859-488-8876
